,sexo,número de casos,número de hospitalizaciones,número de ingresos UCI,número de defunciones,porcentaje casos sexo,porcentaje hospitalizaciones sexo,porcentaje UCI sexo,porcentaje defunciones sexo
0,H,1495101.0,173057.0,19398.0,38841.0,47.23860804967333,54.304829027510614,68.71900240895565,54.74881596752368
1,M,1656611.0,142497.0,8573.0,31824.0,52.34161285409975,44.7151818298779,30.37055405979878,44.85791610284168
2,NC,13286.0,3123.0,257.0,279.0,0.41977909622691706,0.9799891426114844,0.9104435312455718,0.3932679296346414
